stimulus_input,cue,task_input,output
"[1, 0, 0, 0, 1, 0, 0, 0, 1],""[0, 0, 0, 0, 0, 0, 0, 0, 0, 0]"",""[1,0,0,0,0]"",""[1, 0, 0, 0, 0, 0, 0, 0, 0]"""
"[1, 0, 0, 0, 0, 1, 0, 1, 0],""[0, 0, 0, 0, 0, 0, 0, 0, 0, 0]"",""[1,0,0,0,0]"",""[1, 0, 0, 0, 0, 0, 0, 0, 0]"""
"[0, 1, 0, 1, 0, 0, 0, 0, 1],""[0, 0, 0, 0, 0, 0, 0, 0, 0, 0]"",""[1,0,0,0,0]"",""[0, 1, 0, 0, 0, 0, 0, 0, 0]"""
"[0, 1, 0, 0, 0, 1, 1, 0, 0],""[0, 0, 0, 0, 0, 0, 0, 0, 0, 0]"",""[1,0,0,0,0]"",""[0, 1, 0, 0, 0, 0, 0, 0, 0]"""
"[0, 0, 1, 1, 0, 0, 0, 1, 0],""[0, 0, 0, 0, 0, 0, 0, 0, 0, 0]"",""[1,0,0,0,0]"",""[0, 0, 1, 0, 0, 0, 0, 0, 0]"""
"[0, 0, 1, 0, 1, 0, 1, 0, 0],""[0, 0, 0, 0, 0, 0, 0, 0, 0, 0]"",""[1,0,0,0,0]"",""[0, 0, 1, 0, 0, 0, 0, 0, 0]"""
"[1, 0, 0, 0, 1, 0, 0, 0, 1],""[1, 0, 0, 0, 0, 0, 0, 0, 0, 0]"",""[1,0,0,0,0]"",""[1, 0, 0, 0, 0, 0, 0, 0, 0]"""
"[1, 0, 0, 0, 0, 1, 0, 1, 0],""[1, 0, 0, 0, 0, 0, 0, 0, 0, 0]"",""[1,0,0,0,0]"",""[1, 0, 0, 0, 0, 0, 0, 0, 0]"""
"[0, 1, 0, 1, 0, 0, 0, 0, 1],""[1, 0, 0, 0, 0, 0, 0, 0, 0, 0]"",""[1,0,0,0,0]"",""[0, 1, 0, 0, 0, 0, 0, 0, 0]"""
"[0, 1, 0, 0, 0, 1, 1, 0, 0],""[1, 0, 0, 0, 0, 0, 0, 0, 0, 0]"",""[1,0,0,0,0]"",""[0, 1, 0, 0, 0, 0, 0, 0, 0]"""
"[0, 0, 1, 1, 0, 0, 0, 1, 0],""[1, 0, 0, 0, 0, 0, 0, 0, 0, 0]"",""[1,0,0,0,0]"",""[0, 0, 1, 0, 0, 0, 0, 0, 0]"""
"[0, 0, 1, 0, 1, 0, 1, 0, 0],""[1, 0, 0, 0, 0, 0, 0, 0, 0, 0]"",""[1,0,0,0,0]"",""[0, 0, 1, 0, 0, 0, 0, 0, 0]"""
"[1, 0, 0, 0, 1, 0, 0, 0, 1],""[0, 1, 0, 0, 0, 0, 0, 0, 0, 0]"",""[1,0,0,0,0]"",""[1, 0, 0, 0, 0, 0, 0, 0, 0]"""
"[1, 0, 0, 0, 0, 1, 0, 1, 0],""[0, 1, 0, 0, 0, 0, 0, 0, 0, 0]"",""[1,0,0,0,0]"",""[1, 0, 0, 0, 0, 0, 0, 0, 0]"""
"[0, 1, 0, 1, 0, 0, 0, 0, 1],""[0, 1, 0, 0, 0, 0, 0, 0, 0, 0]"",""[1,0,0,0,0]"",""[0, 1, 0, 0, 0, 0, 0, 0, 0]"""
"[0, 1, 0, 0, 0, 1, 1, 0, 0],""[0, 1, 0, 0, 0, 0, 0, 0, 0, 0]"",""[1,0,0,0,0]"",""[0, 1, 0, 0, 0, 0, 0, 0, 0]"""
"[0, 0, 1, 1, 0, 0, 0, 1, 0],""[0, 1, 0, 0, 0, 0, 0, 0, 0, 0]"",""[1,0,0,0,0]"",""[0, 0, 1, 0, 0, 0, 0, 0, 0]"""
"[0, 0, 1, 0, 1, 0, 1, 0, 0],""[0, 1, 0, 0, 0, 0, 0, 0, 0, 0]"",""[1,0,0,0,0]"",""[0, 0, 1, 0, 0, 0, 0, 0, 0]"""
"[1, 0, 0, 0, 1, 0, 0, 0, 1],""[0, 0, 1, 0, 0, 0, 0, 0, 0, 0]"",""[1,0,0,0,0]"",""[1, 0, 0, 0, 0, 0, 0, 0, 0]"""
"[1, 0, 0, 0, 0, 1, 0, 1, 0],""[0, 0, 1, 0, 0, 0, 0, 0, 0, 0]"",""[1,0,0,0,0]"",""[1, 0, 0, 0, 0, 0, 0, 0, 0]"""
"[0, 1, 0, 1, 0, 0, 0, 0, 1],""[0, 0, 1, 0, 0, 0, 0, 0, 0, 0]"",""[1,0,0,0,0]"",""[0, 1, 0, 0, 0, 0, 0, 0, 0]"""
"[0, 1, 0, 0, 0, 1, 1, 0, 0],""[0, 0, 1, 0, 0, 0, 0, 0, 0, 0]"",""[1,0,0,0,0]"",""[0, 1, 0, 0, 0, 0, 0, 0, 0]"""
"[0, 0, 1, 1, 0, 0, 0, 1, 0],""[0, 0, 1, 0, 0, 0, 0, 0, 0, 0]"",""[1,0,0,0,0]"",""[0, 0, 1, 0, 0, 0, 0, 0, 0]"""
"[0, 0, 1, 0, 1, 0, 1, 0, 0],""[0, 0, 1, 0, 0, 0, 0, 0, 0, 0]"",""[1,0,0,0,0]"",""[0, 0, 1, 0, 0, 0, 0, 0, 0]"""
"[1, 0, 0, 0, 1, 0, 0, 0, 1],""[0, 0, 0, 1, 0, 0, 0, 0, 0, 0]"",""[1,0,0,0,0]"",""[1, 0, 0, 0, 0, 0, 0, 0, 0]"""
"[1, 0, 0, 0, 0, 1, 0, 1, 0],""[0, 0, 0, 1, 0, 0, 0, 0, 0, 0]"",""[1,0,0,0,0]"",""[1, 0, 0, 0, 0, 0, 0, 0, 0]"""
"[0, 1, 0, 1, 0, 0, 0, 0, 1],""[0, 0, 0, 1, 0, 0, 0, 0, 0, 0]"",""[1,0,0,0,0]"",""[0, 1, 0, 0, 0, 0, 0, 0, 0]"""
"[0, 1, 0, 0, 0, 1, 1, 0, 0],""[0, 0, 0, 1, 0, 0, 0, 0, 0, 0]"",""[1,0,0,0,0]"",""[0, 1, 0, 0, 0, 0, 0, 0, 0]"""
"[0, 0, 1, 1, 0, 0, 0, 1, 0],""[0, 0, 0, 1, 0, 0, 0, 0, 0, 0]"",""[1,0,0,0,0]"",""[0, 0, 1, 0, 0, 0, 0, 0, 0]"""
"[0, 0, 1, 0, 1, 0, 1, 0, 0],""[0, 0, 0, 1, 0, 0, 0, 0, 0, 0]"",""[1,0,0,0,0]"",""[0, 0, 1, 0, 0, 0, 0, 0, 0]"""
"[1, 0, 0, 0, 1, 0, 0, 0, 1],""[0, 0, 0, 0, 1, 0, 0, 0, 0, 0]"",""[1,0,0,0,0]"",""[1, 0, 0, 0, 0, 0, 0, 0, 0]"""
"[1, 0, 0, 0, 0, 1, 0, 1, 0],""[0, 0, 0, 0, 1, 0, 0, 0, 0, 0]"",""[1,0,0,0,0]"",""[1, 0, 0, 0, 0, 0, 0, 0, 0]"""
"[0, 1, 0, 1, 0, 0, 0, 0, 1],""[0, 0, 0, 0, 1, 0, 0, 0, 0, 0]"",""[1,0,0,0,0]"",""[0, 1, 0, 0, 0, 0, 0, 0, 0]"""
"[0, 1, 0, 0, 0, 1, 1, 0, 0],""[0, 0, 0, 0, 1, 0, 0, 0, 0, 0]"",""[1,0,0,0,0]"",""[0, 1, 0, 0, 0, 0, 0, 0, 0]"""
"[0, 0, 1, 1, 0, 0, 0, 1, 0],""[0, 0, 0, 0, 1, 0, 0, 0, 0, 0]"",""[1,0,0,0,0]"",""[0, 0, 1, 0, 0, 0, 0, 0, 0]"""
"[0, 0, 1, 0, 1, 0, 1, 0, 0],""[0, 0, 0, 0, 1, 0, 0, 0, 0, 0]"",""[1,0,0,0,0]"",""[0, 0, 1, 0, 0, 0, 0, 0, 0]"""
"[1, 0, 0, 0, 1, 0, 0, 0, 1],""[0, 0, 0, 0, 0, 1, 0, 0, 0, 0]"",""[1,0,0,0,0]"",""[1, 0, 0, 0, 0, 0, 0, 0, 0]"""
"[1, 0, 0, 0, 0, 1, 0, 1, 0],""[0, 0, 0, 0, 0, 1, 0, 0, 0, 0]"",""[1,0,0,0,0]"",""[1, 0, 0, 0, 0, 0, 0, 0, 0]"""
"[0, 1, 0, 1, 0, 0, 0, 0, 1],""[0, 0, 0, 0, 0, 1, 0, 0, 0, 0]"",""[1,0,0,0,0]"",""[0, 1, 0, 0, 0, 0, 0, 0, 0]"""
"[0, 1, 0, 0, 0, 1, 1, 0, 0],""[0, 0, 0, 0, 0, 1, 0, 0, 0, 0]"",""[1,0,0,0,0]"",""[0, 1, 0, 0, 0, 0, 0, 0, 0]"""
"[0, 0, 1, 1, 0, 0, 0, 1, 0],""[0, 0, 0, 0, 0, 1, 0, 0, 0, 0]"",""[1,0,0,0,0]"",""[0, 0, 1, 0, 0, 0, 0, 0, 0]"""
"[0, 0, 1, 0, 1, 0, 1, 0, 0],""[0, 0, 0, 0, 0, 1, 0, 0, 0, 0]"",""[1,0,0,0,0]"",""[0, 0, 1, 0, 0, 0, 0, 0, 0]"""
"[1, 0, 0, 0, 1, 0, 0, 0, 1],""[0, 0, 0, 0, 0, 0, 1, 0, 0, 0]"",""[1,0,0,0,0]"",""[1, 0, 0, 0, 0, 0, 0, 0, 0]"""
"[1, 0, 0, 0, 0, 1, 0, 1, 0],""[0, 0, 0, 0, 0, 0, 1, 0, 0, 0]"",""[1,0,0,0,0]"",""[1, 0, 0, 0, 0, 0, 0, 0, 0]"""
"[0, 1, 0, 1, 0, 0, 0, 0, 1],""[0, 0, 0, 0, 0, 0, 1, 0, 0, 0]"",""[1,0,0,0,0]"",""[0, 1, 0, 0, 0, 0, 0, 0, 0]"""
"[0, 1, 0, 0, 0, 1, 1, 0, 0],""[0, 0, 0, 0, 0, 0, 1, 0, 0, 0]"",""[1,0,0,0,0]"",""[0, 1, 0, 0, 0, 0, 0, 0, 0]"""
"[0, 0, 1, 1, 0, 0, 0, 1, 0],""[0, 0, 0, 0, 0, 0, 1, 0, 0, 0]"",""[1,0,0,0,0]"",""[0, 0, 1, 0, 0, 0, 0, 0, 0]"""
"[0, 0, 1, 0, 1, 0, 1, 0, 0],""[0, 0, 0, 0, 0, 0, 1, 0, 0, 0]"",""[1,0,0,0,0]"",""[0, 0, 1, 0, 0, 0, 0, 0, 0]"""
"[1, 0, 0, 0, 1, 0, 0, 0, 1],""[0, 0, 0, 0, 0, 0, 0, 1, 0, 0]"",""[1,0,0,0,0]"",""[1, 0, 0, 0, 0, 0, 0, 0, 0]"""
"[1, 0, 0, 0, 0, 1, 0, 1, 0],""[0, 0, 0, 0, 0, 0, 0, 1, 0, 0]"",""[1,0,0,0,0]"",""[1, 0, 0, 0, 0, 0, 0, 0, 0]"""
"[0, 1, 0, 1, 0, 0, 0, 0, 1],""[0, 0, 0, 0, 0, 0, 0, 1, 0, 0]"",""[1,0,0,0,0]"",""[0, 1, 0, 0, 0, 0, 0, 0, 0]"""
"[0, 1, 0, 0, 0, 1, 1, 0, 0],""[0, 0, 0, 0, 0, 0, 0, 1, 0, 0]"",""[1,0,0,0,0]"",""[0, 1, 0, 0, 0, 0, 0, 0, 0]"""
"[0, 0, 1, 1, 0, 0, 0, 1, 0],""[0, 0, 0, 0, 0, 0, 0, 1, 0, 0]"",""[1,0,0,0,0]"",""[0, 0, 1, 0, 0, 0, 0, 0, 0]"""
"[0, 0, 1, 0, 1, 0, 1, 0, 0],""[0, 0, 0, 0, 0, 0, 0, 1, 0, 0]"",""[1,0,0,0,0]"",""[0, 0, 1, 0, 0, 0, 0, 0, 0]"""
"[1, 0, 0, 0, 1, 0, 0, 0, 1],""[0, 0, 0, 0, 0, 0, 0, 0, 1, 0]"",""[1,0,0,0,0]"",""[1, 0, 0, 0, 0, 0, 0, 0, 0]"""
"[1, 0, 0, 0, 0, 1, 0, 1, 0],""[0, 0, 0, 0, 0, 0, 0, 0, 1, 0]"",""[1,0,0,0,0]"",""[1, 0, 0, 0, 0, 0, 0, 0, 0]"""
"[0, 1, 0, 1, 0, 0, 0, 0, 1],""[0, 0, 0, 0, 0, 0, 0, 0, 1, 0]"",""[1,0,0,0,0]"",""[0, 1, 0, 0, 0, 0, 0, 0, 0]"""
"[0, 1, 0, 0, 0, 1, 1, 0, 0],""[0, 0, 0, 0, 0, 0, 0, 0, 1, 0]"",""[1,0,0,0,0]"",""[0, 1, 0, 0, 0, 0, 0, 0, 0]"""
"[0, 0, 1, 1, 0, 0, 0, 1, 0],""[0, 0, 0, 0, 0, 0, 0, 0, 1, 0]"",""[1,0,0,0,0]"",""[0, 0, 1, 0, 0, 0, 0, 0, 0]"""
"[0, 0, 1, 0, 1, 0, 1, 0, 0],""[0, 0, 0, 0, 0, 0, 0, 0, 1, 0]"",""[1,0,0,0,0]"",""[0, 0, 1, 0, 0, 0, 0, 0, 0]"""
"[1, 0, 0, 0, 1, 0, 0, 0, 1],""[0, 0, 0, 0, 0, 0, 0, 0, 0, 1]"",""[1,0,0,0,0]"",""[1, 0, 0, 0, 0, 0, 0, 0, 0]"""
"[1, 0, 0, 0, 0, 1, 0, 1, 0],""[0, 0, 0, 0, 0, 0, 0, 0, 0, 1]"",""[1,0,0,0,0]"",""[1, 0, 0, 0, 0, 0, 0, 0, 0]"""
"[0, 1, 0, 1, 0, 0, 0, 0, 1],""[0, 0, 0, 0, 0, 0, 0, 0, 0, 1]"",""[1,0,0,0,0]"",""[0, 1, 0, 0, 0, 0, 0, 0, 0]"""
"[0, 1, 0, 0, 0, 1, 1, 0, 0],""[0, 0, 0, 0, 0, 0, 0, 0, 0, 1]"",""[1,0,0,0,0]"",""[0, 1, 0, 0, 0, 0, 0, 0, 0]"""
"[0, 0, 1, 1, 0, 0, 0, 1, 0],""[0, 0, 0, 0, 0, 0, 0, 0, 0, 1]"",""[1,0,0,0,0]"",""[0, 0, 1, 0, 0, 0, 0, 0, 0]"""
"[0, 0, 1, 0, 1, 0, 1, 0, 0],""[0, 0, 0, 0, 0, 0, 0, 0, 0, 1]"",""[1,0,0,0,0]"",""[0, 0, 1, 0, 0, 0, 0, 0, 0]"""
"[1, 0, 0, 0, 1, 0, 0, 0, 1],""[0, 0, 0, 0, 0, 0, 0, 0, 0, 0]"",""[0,1,0,0,0]"",""[0, 0, 0, 0, 1, 0, 0, 0, 0]"""
"[1, 0, 0, 0, 0, 1, 0, 1, 0],""[0, 0, 0, 0, 0, 0, 0, 0, 0, 0]"",""[0,1,0,0,0]"",""[0, 0, 0, 0, 0, 1, 0, 0, 0]"""
"[0, 1, 0, 1, 0, 0, 0, 0, 1],""[0, 0, 0, 0, 0, 0, 0, 0, 0, 0]"",""[0,1,0,0,0]"",""[0, 0, 0, 1, 0, 0, 0, 0, 0]"""
"[0, 1, 0, 0, 0, 1, 1, 0, 0],""[0, 0, 0, 0, 0, 0, 0, 0, 0, 0]"",""[0,1,0,0,0]"",""[0, 0, 0, 0, 0, 1, 0, 0, 0]"""
"[0, 0, 1, 1, 0, 0, 0, 1, 0],""[0, 0, 0, 0, 0, 0, 0, 0, 0, 0]"",""[0,1,0,0,0]"",""[0, 0, 0, 1, 0, 0, 0, 0, 0]"""
"[0, 0, 1, 0, 1, 0, 1, 0, 0],""[0, 0, 0, 0, 0, 0, 0, 0, 0, 0]"",""[0,1,0,0,0]"",""[0, 0, 0, 0, 1, 0, 0, 0, 0]"""
"[1, 0, 0, 0, 1, 0, 0, 0, 1],""[1, 0, 0, 0, 0, 0, 0, 0, 0, 0]"",""[0,1,0,0,0]"",""[0, 0, 0, 0, 1, 0, 0, 0, 0]"""
"[1, 0, 0, 0, 0, 1, 0, 1, 0],""[1, 0, 0, 0, 0, 0, 0, 0, 0, 0]"",""[0,1,0,0,0]"",""[0, 0, 0, 0, 0, 1, 0, 0, 0]"""
"[0, 1, 0, 1, 0, 0, 0, 0, 1],""[1, 0, 0, 0, 0, 0, 0, 0, 0, 0]"",""[0,1,0,0,0]"",""[0, 0, 0, 1, 0, 0, 0, 0, 0]"""
"[0, 1, 0, 0, 0, 1, 1, 0, 0],""[1, 0, 0, 0, 0, 0, 0, 0, 0, 0]"",""[0,1,0,0,0]"",""[0, 0, 0, 0, 0, 1, 0, 0, 0]"""
"[0, 0, 1, 1, 0, 0, 0, 1, 0],""[1, 0, 0, 0, 0, 0, 0, 0, 0, 0]"",""[0,1,0,0,0]"",""[0, 0, 0, 1, 0, 0, 0, 0, 0]"""
"[0, 0, 1, 0, 1, 0, 1, 0, 0],""[1, 0, 0, 0, 0, 0, 0, 0, 0, 0]"",""[0,1,0,0,0]"",""[0, 0, 0, 0, 1, 0, 0, 0, 0]"""
"[1, 0, 0, 0, 1, 0, 0, 0, 1],""[0, 1, 0, 0, 0, 0, 0, 0, 0, 0]"",""[0,1,0,0,0]"",""[0, 0, 0, 0, 1, 0, 0, 0, 0]"""
"[1, 0, 0, 0, 0, 1, 0, 1, 0],""[0, 1, 0, 0, 0, 0, 0, 0, 0, 0]"",""[0,1,0,0,0]"",""[0, 0, 0, 0, 0, 1, 0, 0, 0]"""
"[0, 1, 0, 1, 0, 0, 0, 0, 1],""[0, 1, 0, 0, 0, 0, 0, 0, 0, 0]"",""[0,1,0,0,0]"",""[0, 0, 0, 1, 0, 0, 0, 0, 0]"""
"[0, 1, 0, 0, 0, 1, 1, 0, 0],""[0, 1, 0, 0, 0, 0, 0, 0, 0, 0]"",""[0,1,0,0,0]"",""[0, 0, 0, 0, 0, 1, 0, 0, 0]"""
"[0, 0, 1, 1, 0, 0, 0, 1, 0],""[0, 1, 0, 0, 0, 0, 0, 0, 0, 0]"",""[0,1,0,0,0]"",""[0, 0, 0, 1, 0, 0, 0, 0, 0]"""
"[0, 0, 1, 0, 1, 0, 1, 0, 0],""[0, 1, 0, 0, 0, 0, 0, 0, 0, 0]"",""[0,1,0,0,0]"",""[0, 0, 0, 0, 1, 0, 0, 0, 0]"""
"[1, 0, 0, 0, 1, 0, 0, 0, 1],""[0, 0, 1, 0, 0, 0, 0, 0, 0, 0]"",""[0,1,0,0,0]"",""[0, 0, 0, 0, 1, 0, 0, 0, 0]"""
"[1, 0, 0, 0, 0, 1, 0, 1, 0],""[0, 0, 1, 0, 0, 0, 0, 0, 0, 0]"",""[0,1,0,0,0]"",""[0, 0, 0, 0, 0, 1, 0, 0, 0]"""
"[0, 1, 0, 1, 0, 0, 0, 0, 1],""[0, 0, 1, 0, 0, 0, 0, 0, 0, 0]"",""[0,1,0,0,0]"",""[0, 0, 0, 1, 0, 0, 0, 0, 0]"""
"[0, 1, 0, 0, 0, 1, 1, 0, 0],""[0, 0, 1, 0, 0, 0, 0, 0, 0, 0]"",""[0,1,0,0,0]"",""[0, 0, 0, 0, 0, 1, 0, 0, 0]"""
"[0, 0, 1, 1, 0, 0, 0, 1, 0],""[0, 0, 1, 0, 0, 0, 0, 0, 0, 0]"",""[0,1,0,0,0]"",""[0, 0, 0, 1, 0, 0, 0, 0, 0]"""
"[0, 0, 1, 0, 1, 0, 1, 0, 0],""[0, 0, 1, 0, 0, 0, 0, 0, 0, 0]"",""[0,1,0,0,0]"",""[0, 0, 0, 0, 1, 0, 0, 0, 0]"""
"[1, 0, 0, 0, 1, 0, 0, 0, 1],""[0, 0, 0, 1, 0, 0, 0, 0, 0, 0]"",""[0,1,0,0,0]"",""[0, 0, 0, 0, 1, 0, 0, 0, 0]"""
"[1, 0, 0, 0, 0, 1, 0, 1, 0],""[0, 0, 0, 1, 0, 0, 0, 0, 0, 0]"",""[0,1,0,0,0]"",""[0, 0, 0, 0, 0, 1, 0, 0, 0]"""
"[0, 1, 0, 1, 0, 0, 0, 0, 1],""[0, 0, 0, 1, 0, 0, 0, 0, 0, 0]"",""[0,1,0,0,0]"",""[0, 0, 0, 1, 0, 0, 0, 0, 0]"""
"[0, 1, 0, 0, 0, 1, 1, 0, 0],""[0, 0, 0, 1, 0, 0, 0, 0, 0, 0]"",""[0,1,0,0,0]"",""[0, 0, 0, 0, 0, 1, 0, 0, 0]"""
"[0, 0, 1, 1, 0, 0, 0, 1, 0],""[0, 0, 0, 1, 0, 0, 0, 0, 0, 0]"",""[0,1,0,0,0]"",""[0, 0, 0, 1, 0, 0, 0, 0, 0]"""
"[0, 0, 1, 0, 1, 0, 1, 0, 0],""[0, 0, 0, 1, 0, 0, 0, 0, 0, 0]"",""[0,1,0,0,0]"",""[0, 0, 0, 0, 1, 0, 0, 0, 0]"""
"[1, 0, 0, 0, 1, 0, 0, 0, 1],""[0, 0, 0, 0, 1, 0, 0, 0, 0, 0]"",""[0,1,0,0,0]"",""[0, 0, 0, 0, 1, 0, 0, 0, 0]"""
"[1, 0, 0, 0, 0, 1, 0, 1, 0],""[0, 0, 0, 0, 1, 0, 0, 0, 0, 0]"",""[0,1,0,0,0]"",""[0, 0, 0, 0, 0, 1, 0, 0, 0]"""
"[0, 1, 0, 1, 0, 0, 0, 0, 1],""[0, 0, 0, 0, 1, 0, 0, 0, 0, 0]"",""[0,1,0,0,0]"",""[0, 0, 0, 1, 0, 0, 0, 0, 0]"""
"[0, 1, 0, 0, 0, 1, 1, 0, 0],""[0, 0, 0, 0, 1, 0, 0, 0, 0, 0]"",""[0,1,0,0,0]"",""[0, 0, 0, 0, 0, 1, 0, 0, 0]"""
"[0, 0, 1, 1, 0, 0, 0, 1, 0],""[0, 0, 0, 0, 1, 0, 0, 0, 0, 0]"",""[0,1,0,0,0]"",""[0, 0, 0, 1, 0, 0, 0, 0, 0]"""
"[0, 0, 1, 0, 1, 0, 1, 0, 0],""[0, 0, 0, 0, 1, 0, 0, 0, 0, 0]"",""[0,1,0,0,0]"",""[0, 0, 0, 0, 1, 0, 0, 0, 0]"""
"[1, 0, 0, 0, 1, 0, 0, 0, 1],""[0, 0, 0, 0, 0, 1, 0, 0, 0, 0]"",""[0,1,0,0,0]"",""[0, 0, 0, 0, 1, 0, 0, 0, 0]"""
"[1, 0, 0, 0, 0, 1, 0, 1, 0],""[0, 0, 0, 0, 0, 1, 0, 0, 0, 0]"",""[0,1,0,0,0]"",""[0, 0, 0, 0, 0, 1, 0, 0, 0]"""
"[0, 1, 0, 1, 0, 0, 0, 0, 1],""[0, 0, 0, 0, 0, 1, 0, 0, 0, 0]"",""[0,1,0,0,0]"",""[0, 0, 0, 1, 0, 0, 0, 0, 0]"""
"[0, 1, 0, 0, 0, 1, 1, 0, 0],""[0, 0, 0, 0, 0, 1, 0, 0, 0, 0]"",""[0,1,0,0,0]"",""[0, 0, 0, 0, 0, 1, 0, 0, 0]"""
"[0, 0, 1, 1, 0, 0, 0, 1, 0],""[0, 0, 0, 0, 0, 1, 0, 0, 0, 0]"",""[0,1,0,0,0]"",""[0, 0, 0, 1, 0, 0, 0, 0, 0]"""
"[0, 0, 1, 0, 1, 0, 1, 0, 0],""[0, 0, 0, 0, 0, 1, 0, 0, 0, 0]"",""[0,1,0,0,0]"",""[0, 0, 0, 0, 1, 0, 0, 0, 0]"""
"[1, 0, 0, 0, 1, 0, 0, 0, 1],""[0, 0, 0, 0, 0, 0, 1, 0, 0, 0]"",""[0,1,0,0,0]"",""[0, 0, 0, 0, 1, 0, 0, 0, 0]"""
"[1, 0, 0, 0, 0, 1, 0, 1, 0],""[0, 0, 0, 0, 0, 0, 1, 0, 0, 0]"",""[0,1,0,0,0]"",""[0, 0, 0, 0, 0, 1, 0, 0, 0]"""
"[0, 1, 0, 1, 0, 0, 0, 0, 1],""[0, 0, 0, 0, 0, 0, 1, 0, 0, 0]"",""[0,1,0,0,0]"",""[0, 0, 0, 1, 0, 0, 0, 0, 0]"""
"[0, 1, 0, 0, 0, 1, 1, 0, 0],""[0, 0, 0, 0, 0, 0, 1, 0, 0, 0]"",""[0,1,0,0,0]"",""[0, 0, 0, 0, 0, 1, 0, 0, 0]"""
"[0, 0, 1, 1, 0, 0, 0, 1, 0],""[0, 0, 0, 0, 0, 0, 1, 0, 0, 0]"",""[0,1,0,0,0]"",""[0, 0, 0, 1, 0, 0, 0, 0, 0]"""
"[0, 0, 1, 0, 1, 0, 1, 0, 0],""[0, 0, 0, 0, 0, 0, 1, 0, 0, 0]"",""[0,1,0,0,0]"",""[0, 0, 0, 0, 1, 0, 0, 0, 0]"""
"[1, 0, 0, 0, 1, 0, 0, 0, 1],""[0, 0, 0, 0, 0, 0, 0, 1, 0, 0]"",""[0,1,0,0,0]"",""[0, 0, 0, 0, 1, 0, 0, 0, 0]"""
"[1, 0, 0, 0, 0, 1, 0, 1, 0],""[0, 0, 0, 0, 0, 0, 0, 1, 0, 0]"",""[0,1,0,0,0]"",""[0, 0, 0, 0, 0, 1, 0, 0, 0]"""
"[0, 1, 0, 1, 0, 0, 0, 0, 1],""[0, 0, 0, 0, 0, 0, 0, 1, 0, 0]"",""[0,1,0,0,0]"",""[0, 0, 0, 1, 0, 0, 0, 0, 0]"""
"[0, 1, 0, 0, 0, 1, 1, 0, 0],""[0, 0, 0, 0, 0, 0, 0, 1, 0, 0]"",""[0,1,0,0,0]"",""[0, 0, 0, 0, 0, 1, 0, 0, 0]"""
"[0, 0, 1, 1, 0, 0, 0, 1, 0],""[0, 0, 0, 0, 0, 0, 0, 1, 0, 0]"",""[0,1,0,0,0]"",""[0, 0, 0, 1, 0, 0, 0, 0, 0]"""
"[0, 0, 1, 0, 1, 0, 1, 0, 0],""[0, 0, 0, 0, 0, 0, 0, 1, 0, 0]"",""[0,1,0,0,0]"",""[0, 0, 0, 0, 1, 0, 0, 0, 0]"""
"[1, 0, 0, 0, 1, 0, 0, 0, 1],""[0, 0, 0, 0, 0, 0, 0, 0, 1, 0]"",""[0,1,0,0,0]"",""[0, 0, 0, 0, 1, 0, 0, 0, 0]"""
"[1, 0, 0, 0, 0, 1, 0, 1, 0],""[0, 0, 0, 0, 0, 0, 0, 0, 1, 0]"",""[0,1,0,0,0]"",""[0, 0, 0, 0, 0, 1, 0, 0, 0]"""
"[0, 1, 0, 1, 0, 0, 0, 0, 1],""[0, 0, 0, 0, 0, 0, 0, 0, 1, 0]"",""[0,1,0,0,0]"",""[0, 0, 0, 1, 0, 0, 0, 0, 0]"""
"[0, 1, 0, 0, 0, 1, 1, 0, 0],""[0, 0, 0, 0, 0, 0, 0, 0, 1, 0]"",""[0,1,0,0,0]"",""[0, 0, 0, 0, 0, 1, 0, 0, 0]"""
"[0, 0, 1, 1, 0, 0, 0, 1, 0],""[0, 0, 0, 0, 0, 0, 0, 0, 1, 0]"",""[0,1,0,0,0]"",""[0, 0, 0, 1, 0, 0, 0, 0, 0]"""
"[0, 0, 1, 0, 1, 0, 1, 0, 0],""[0, 0, 0, 0, 0, 0, 0, 0, 1, 0]"",""[0,1,0,0,0]"",""[0, 0, 0, 0, 1, 0, 0, 0, 0]"""
"[1, 0, 0, 0, 1, 0, 0, 0, 1],""[0, 0, 0, 0, 0, 0, 0, 0, 0, 1]"",""[0,1,0,0,0]"",""[0, 0, 0, 0, 1, 0, 0, 0, 0]"""
"[1, 0, 0, 0, 0, 1, 0, 1, 0],""[0, 0, 0, 0, 0, 0, 0, 0, 0, 1]"",""[0,1,0,0,0]"",""[0, 0, 0, 0, 0, 1, 0, 0, 0]"""
"[0, 1, 0, 1, 0, 0, 0, 0, 1],""[0, 0, 0, 0, 0, 0, 0, 0, 0, 1]"",""[0,1,0,0,0]"",""[0, 0, 0, 1, 0, 0, 0, 0, 0]"""
"[0, 1, 0, 0, 0, 1, 1, 0, 0],""[0, 0, 0, 0, 0, 0, 0, 0, 0, 1]"",""[0,1,0,0,0]"",""[0, 0, 0, 0, 0, 1, 0, 0, 0]"""
"[0, 0, 1, 1, 0, 0, 0, 1, 0],""[0, 0, 0, 0, 0, 0, 0, 0, 0, 1]"",""[0,1,0,0,0]"",""[0, 0, 0, 1, 0, 0, 0, 0, 0]"""
"[0, 0, 1, 0, 1, 0, 1, 0, 0],""[0, 0, 0, 0, 0, 0, 0, 0, 0, 1]"",""[0,1,0,0,0]"",""[0, 0, 0, 0, 1, 0, 0, 0, 0]"""
"[1, 0, 0, 0, 1, 0, 0, 0, 1],""[0, 0, 0, 0, 0, 0, 0, 0, 0, 0]"",""[0,0,1,0,0]"",""[0, 0, 0, 0, 0, 0, 0, 0, 1]"""
"[1, 0, 0, 0, 0, 1, 0, 1, 0],""[0, 0, 0, 0, 0, 0, 0, 0, 0, 0]"",""[0,0,1,0,0]"",""[0, 0, 0, 0, 0, 0, 0, 1, 0]"""
"[0, 1, 0, 1, 0, 0, 0, 0, 1],""[0, 0, 0, 0, 0, 0, 0, 0, 0, 0]"",""[0,0,1,0,0]"",""[0, 0, 0, 0, 0, 0, 0, 0, 1]"""
"[0, 1, 0, 0, 0, 1, 1, 0, 0],""[0, 0, 0, 0, 0, 0, 0, 0, 0, 0]"",""[0,0,1,0,0]"",""[0, 0, 0, 0, 0, 0, 1, 0, 0]"""
"[0, 0, 1, 1, 0, 0, 0, 1, 0],""[0, 0, 0, 0, 0, 0, 0, 0, 0, 0]"",""[0,0,1,0,0]"",""[0, 0, 0, 0, 0, 0, 0, 1, 0]"""
"[0, 0, 1, 0, 1, 0, 1, 0, 0],""[0, 0, 0, 0, 0, 0, 0, 0, 0, 0]"",""[0,0,1,0,0]"",""[0, 0, 0, 0, 0, 0, 1, 0, 0]"""
"[1, 0, 0, 0, 1, 0, 0, 0, 1],""[1, 0, 0, 0, 0, 0, 0, 0, 0, 0]"",""[0,0,1,0,0]"",""[0, 0, 0, 0, 0, 0, 0, 0, 1]"""
"[1, 0, 0, 0, 0, 1, 0, 1, 0],""[1, 0, 0, 0, 0, 0, 0, 0, 0, 0]"",""[0,0,1,0,0]"",""[0, 0, 0, 0, 0, 0, 0, 1, 0]"""
"[0, 1, 0, 1, 0, 0, 0, 0, 1],""[1, 0, 0, 0, 0, 0, 0, 0, 0, 0]"",""[0,0,1,0,0]"",""[0, 0, 0, 0, 0, 0, 0, 0, 1]"""
"[0, 1, 0, 0, 0, 1, 1, 0, 0],""[1, 0, 0, 0, 0, 0, 0, 0, 0, 0]"",""[0,0,1,0,0]"",""[0, 0, 0, 0, 0, 0, 1, 0, 0]"""
"[0, 0, 1, 1, 0, 0, 0, 1, 0],""[1, 0, 0, 0, 0, 0, 0, 0, 0, 0]"",""[0,0,1,0,0]"",""[0, 0, 0, 0, 0, 0, 0, 1, 0]"""
"[0, 0, 1, 0, 1, 0, 1, 0, 0],""[1, 0, 0, 0, 0, 0, 0, 0, 0, 0]"",""[0,0,1,0,0]"",""[0, 0, 0, 0, 0, 0, 1, 0, 0]"""
"[1, 0, 0, 0, 1, 0, 0, 0, 1],""[0, 1, 0, 0, 0, 0, 0, 0, 0, 0]"",""[0,0,1,0,0]"",""[0, 0, 0, 0, 0, 0, 0, 0, 1]"""
"[1, 0, 0, 0, 0, 1, 0, 1, 0],""[0, 1, 0, 0, 0, 0, 0, 0, 0, 0]"",""[0,0,1,0,0]"",""[0, 0, 0, 0, 0, 0, 0, 1, 0]"""
"[0, 1, 0, 1, 0, 0, 0, 0, 1],""[0, 1, 0, 0, 0, 0, 0, 0, 0, 0]"",""[0,0,1,0,0]"",""[0, 0, 0, 0, 0, 0, 0, 0, 1]"""
"[0, 1, 0, 0, 0, 1, 1, 0, 0],""[0, 1, 0, 0, 0, 0, 0, 0, 0, 0]"",""[0,0,1,0,0]"",""[0, 0, 0, 0, 0, 0, 1, 0, 0]"""
"[0, 0, 1, 1, 0, 0, 0, 1, 0],""[0, 1, 0, 0, 0, 0, 0, 0, 0, 0]"",""[0,0,1,0,0]"",""[0, 0, 0, 0, 0, 0, 0, 1, 0]"""
"[0, 0, 1, 0, 1, 0, 1, 0, 0],""[0, 1, 0, 0, 0, 0, 0, 0, 0, 0]"",""[0,0,1,0,0]"",""[0, 0, 0, 0, 0, 0, 1, 0, 0]"""
"[1, 0, 0, 0, 1, 0, 0, 0, 1],""[0, 0, 1, 0, 0, 0, 0, 0, 0, 0]"",""[0,0,1,0,0]"",""[0, 0, 0, 0, 0, 0, 0, 0, 1]"""
"[1, 0, 0, 0, 0, 1, 0, 1, 0],""[0, 0, 1, 0, 0, 0, 0, 0, 0, 0]"",""[0,0,1,0,0]"",""[0, 0, 0, 0, 0, 0, 0, 1, 0]"""
"[0, 1, 0, 1, 0, 0, 0, 0, 1],""[0, 0, 1, 0, 0, 0, 0, 0, 0, 0]"",""[0,0,1,0,0]"",""[0, 0, 0, 0, 0, 0, 0, 0, 1]"""
"[0, 1, 0, 0, 0, 1, 1, 0, 0],""[0, 0, 1, 0, 0, 0, 0, 0, 0, 0]"",""[0,0,1,0,0]"",""[0, 0, 0, 0, 0, 0, 1, 0, 0]"""
"[0, 0, 1, 1, 0, 0, 0, 1, 0],""[0, 0, 1, 0, 0, 0, 0, 0, 0, 0]"",""[0,0,1,0,0]"",""[0, 0, 0, 0, 0, 0, 0, 1, 0]"""
"[0, 0, 1, 0, 1, 0, 1, 0, 0],""[0, 0, 1, 0, 0, 0, 0, 0, 0, 0]"",""[0,0,1,0,0]"",""[0, 0, 0, 0, 0, 0, 1, 0, 0]"""
"[1, 0, 0, 0, 1, 0, 0, 0, 1],""[0, 0, 0, 1, 0, 0, 0, 0, 0, 0]"",""[0,0,1,0,0]"",""[0, 0, 0, 0, 0, 0, 0, 0, 1]"""
"[1, 0, 0, 0, 0, 1, 0, 1, 0],""[0, 0, 0, 1, 0, 0, 0, 0, 0, 0]"",""[0,0,1,0,0]"",""[0, 0, 0, 0, 0, 0, 0, 1, 0]"""
"[0, 1, 0, 1, 0, 0, 0, 0, 1],""[0, 0, 0, 1, 0, 0, 0, 0, 0, 0]"",""[0,0,1,0,0]"",""[0, 0, 0, 0, 0, 0, 0, 0, 1]"""
"[0, 1, 0, 0, 0, 1, 1, 0, 0],""[0, 0, 0, 1, 0, 0, 0, 0, 0, 0]"",""[0,0,1,0,0]"",""[0, 0, 0, 0, 0, 0, 1, 0, 0]"""
"[0, 0, 1, 1, 0, 0, 0, 1, 0],""[0, 0, 0, 1, 0, 0, 0, 0, 0, 0]"",""[0,0,1,0,0]"",""[0, 0, 0, 0, 0, 0, 0, 1, 0]"""
"[0, 0, 1, 0, 1, 0, 1, 0, 0],""[0, 0, 0, 1, 0, 0, 0, 0, 0, 0]"",""[0,0,1,0,0]"",""[0, 0, 0, 0, 0, 0, 1, 0, 0]"""
"[1, 0, 0, 0, 1, 0, 0, 0, 1],""[0, 0, 0, 0, 1, 0, 0, 0, 0, 0]"",""[0,0,1,0,0]"",""[0, 0, 0, 0, 0, 0, 0, 0, 1]"""
"[1, 0, 0, 0, 0, 1, 0, 1, 0],""[0, 0, 0, 0, 1, 0, 0, 0, 0, 0]"",""[0,0,1,0,0]"",""[0, 0, 0, 0, 0, 0, 0, 1, 0]"""
"[0, 1, 0, 1, 0, 0, 0, 0, 1],""[0, 0, 0, 0, 1, 0, 0, 0, 0, 0]"",""[0,0,1,0,0]"",""[0, 0, 0, 0, 0, 0, 0, 0, 1]"""
"[0, 1, 0, 0, 0, 1, 1, 0, 0],""[0, 0, 0, 0, 1, 0, 0, 0, 0, 0]"",""[0,0,1,0,0]"",""[0, 0, 0, 0, 0, 0, 1, 0, 0]"""
"[0, 0, 1, 1, 0, 0, 0, 1, 0],""[0, 0, 0, 0, 1, 0, 0, 0, 0, 0]"",""[0,0,1,0,0]"",""[0, 0, 0, 0, 0, 0, 0, 1, 0]"""
"[0, 0, 1, 0, 1, 0, 1, 0, 0],""[0, 0, 0, 0, 1, 0, 0, 0, 0, 0]"",""[0,0,1,0,0]"",""[0, 0, 0, 0, 0, 0, 1, 0, 0]"""
"[1, 0, 0, 0, 1, 0, 0, 0, 1],""[0, 0, 0, 0, 0, 1, 0, 0, 0, 0]"",""[0,0,1,0,0]"",""[0, 0, 0, 0, 0, 0, 0, 0, 1]"""
"[1, 0, 0, 0, 0, 1, 0, 1, 0],""[0, 0, 0, 0, 0, 1, 0, 0, 0, 0]"",""[0,0,1,0,0]"",""[0, 0, 0, 0, 0, 0, 0, 1, 0]"""
"[0, 1, 0, 1, 0, 0, 0, 0, 1],""[0, 0, 0, 0, 0, 1, 0, 0, 0, 0]"",""[0,0,1,0,0]"",""[0, 0, 0, 0, 0, 0, 0, 0, 1]"""
"[0, 1, 0, 0, 0, 1, 1, 0, 0],""[0, 0, 0, 0, 0, 1, 0, 0, 0, 0]"",""[0,0,1,0,0]"",""[0, 0, 0, 0, 0, 0, 1, 0, 0]"""
"[0, 0, 1, 1, 0, 0, 0, 1, 0],""[0, 0, 0, 0, 0, 1, 0, 0, 0, 0]"",""[0,0,1,0,0]"",""[0, 0, 0, 0, 0, 0, 0, 1, 0]"""
"[0, 0, 1, 0, 1, 0, 1, 0, 0],""[0, 0, 0, 0, 0, 1, 0, 0, 0, 0]"",""[0,0,1,0,0]"",""[0, 0, 0, 0, 0, 0, 1, 0, 0]"""
"[1, 0, 0, 0, 1, 0, 0, 0, 1],""[0, 0, 0, 0, 0, 0, 1, 0, 0, 0]"",""[0,0,1,0,0]"",""[0, 0, 0, 0, 0, 0, 0, 0, 1]"""
"[1, 0, 0, 0, 0, 1, 0, 1, 0],""[0, 0, 0, 0, 0, 0, 1, 0, 0, 0]"",""[0,0,1,0,0]"",""[0, 0, 0, 0, 0, 0, 0, 1, 0]"""
"[0, 1, 0, 1, 0, 0, 0, 0, 1],""[0, 0, 0, 0, 0, 0, 1, 0, 0, 0]"",""[0,0,1,0,0]"",""[0, 0, 0, 0, 0, 0, 0, 0, 1]"""
"[0, 1, 0, 0, 0, 1, 1, 0, 0],""[0, 0, 0, 0, 0, 0, 1, 0, 0, 0]"",""[0,0,1,0,0]"",""[0, 0, 0, 0, 0, 0, 1, 0, 0]"""
"[0, 0, 1, 1, 0, 0, 0, 1, 0],""[0, 0, 0, 0, 0, 0, 1, 0, 0, 0]"",""[0,0,1,0,0]"",""[0, 0, 0, 0, 0, 0, 0, 1, 0]"""
"[0, 0, 1, 0, 1, 0, 1, 0, 0],""[0, 0, 0, 0, 0, 0, 1, 0, 0, 0]"",""[0,0,1,0,0]"",""[0, 0, 0, 0, 0, 0, 1, 0, 0]"""
"[1, 0, 0, 0, 1, 0, 0, 0, 1],""[0, 0, 0, 0, 0, 0, 0, 1, 0, 0]"",""[0,0,1,0,0]"",""[0, 0, 0, 0, 0, 0, 0, 0, 1]"""
"[1, 0, 0, 0, 0, 1, 0, 1, 0],""[0, 0, 0, 0, 0, 0, 0, 1, 0, 0]"",""[0,0,1,0,0]"",""[0, 0, 0, 0, 0, 0, 0, 1, 0]"""
"[0, 1, 0, 1, 0, 0, 0, 0, 1],""[0, 0, 0, 0, 0, 0, 0, 1, 0, 0]"",""[0,0,1,0,0]"",""[0, 0, 0, 0, 0, 0, 0, 0, 1]"""
"[0, 1, 0, 0, 0, 1, 1, 0, 0],""[0, 0, 0, 0, 0, 0, 0, 1, 0, 0]"",""[0,0,1,0,0]"",""[0, 0, 0, 0, 0, 0, 1, 0, 0]"""
"[0, 0, 1, 1, 0, 0, 0, 1, 0],""[0, 0, 0, 0, 0, 0, 0, 1, 0, 0]"",""[0,0,1,0,0]"",""[0, 0, 0, 0, 0, 0, 0, 1, 0]"""
"[0, 0, 1, 0, 1, 0, 1, 0, 0],""[0, 0, 0, 0, 0, 0, 0, 1, 0, 0]"",""[0,0,1,0,0]"",""[0, 0, 0, 0, 0, 0, 1, 0, 0]"""
"[1, 0, 0, 0, 1, 0, 0, 0, 1],""[0, 0, 0, 0, 0, 0, 0, 0, 1, 0]"",""[0,0,1,0,0]"",""[0, 0, 0, 0, 0, 0, 0, 0, 1]"""
"[1, 0, 0, 0, 0, 1, 0, 1, 0],""[0, 0, 0, 0, 0, 0, 0, 0, 1, 0]"",""[0,0,1,0,0]"",""[0, 0, 0, 0, 0, 0, 0, 1, 0]"""
"[0, 1, 0, 1, 0, 0, 0, 0, 1],""[0, 0, 0, 0, 0, 0, 0, 0, 1, 0]"",""[0,0,1,0,0]"",""[0, 0, 0, 0, 0, 0, 0, 0, 1]"""
"[0, 1, 0, 0, 0, 1, 1, 0, 0],""[0, 0, 0, 0, 0, 0, 0, 0, 1, 0]"",""[0,0,1,0,0]"",""[0, 0, 0, 0, 0, 0, 1, 0, 0]"""
"[0, 0, 1, 1, 0, 0, 0, 1, 0],""[0, 0, 0, 0, 0, 0, 0, 0, 1, 0]"",""[0,0,1,0,0]"",""[0, 0, 0, 0, 0, 0, 0, 1, 0]"""
"[0, 0, 1, 0, 1, 0, 1, 0, 0],""[0, 0, 0, 0, 0, 0, 0, 0, 1, 0]"",""[0,0,1,0,0]"",""[0, 0, 0, 0, 0, 0, 1, 0, 0]"""
"[1, 0, 0, 0, 1, 0, 0, 0, 1],""[0, 0, 0, 0, 0, 0, 0, 0, 0, 1]"",""[0,0,1,0,0]"",""[0, 0, 0, 0, 0, 0, 0, 0, 1]"""
"[1, 0, 0, 0, 0, 1, 0, 1, 0],""[0, 0, 0, 0, 0, 0, 0, 0, 0, 1]"",""[0,0,1,0,0]"",""[0, 0, 0, 0, 0, 0, 0, 1, 0]"""
"[0, 1, 0, 1, 0, 0, 0, 0, 1],""[0, 0, 0, 0, 0, 0, 0, 0, 0, 1]"",""[0,0,1,0,0]"",""[0, 0, 0, 0, 0, 0, 0, 0, 1]"""
"[0, 1, 0, 0, 0, 1, 1, 0, 0],""[0, 0, 0, 0, 0, 0, 0, 0, 0, 1]"",""[0,0,1,0,0]"",""[0, 0, 0, 0, 0, 0, 1, 0, 0]"""
"[0, 0, 1, 1, 0, 0, 0, 1, 0],""[0, 0, 0, 0, 0, 0, 0, 0, 0, 1]"",""[0,0,1,0,0]"",""[0, 0, 0, 0, 0, 0, 0, 1, 0]"""
"[0, 0, 1, 0, 1, 0, 1, 0, 0],""[0, 0, 0, 0, 0, 0, 0, 0, 0, 1]"",""[0,0,1,0,0]"",""[0, 0, 0, 0, 0, 0, 1, 0, 0]"""
"[1, 0, 0, 0, 1, 0, 0, 0, 1],""[0, 0, 0, 0, 0, 0, 0, 0, 0, 0]"",""[0,0,0,1,0]"",""[0, 0, 0, 1, 0, 0, 0, 0, 0]"""
"[1, 0, 0, 0, 0, 1, 0, 1, 0],""[0, 0, 0, 0, 0, 0, 0, 0, 0, 0]"",""[0,0,0,1,0]"",""[0, 0, 0, 1, 0, 0, 0, 0, 0]"""
"[0, 1, 0, 1, 0, 0, 0, 0, 1],""[0, 0, 0, 0, 0, 0, 0, 0, 0, 0]"",""[0,0,0,1,0]"",""[0, 0, 0, 0, 1, 0, 0, 0, 0]"""
"[0, 1, 0, 0, 0, 1, 1, 0, 0],""[0, 0, 0, 0, 0, 0, 0, 0, 0, 0]"",""[0,0,0,1,0]"",""[0, 0, 0, 0, 1, 0, 0, 0, 0]"""
"[0, 0, 1, 1, 0, 0, 0, 1, 0],""[0, 0, 0, 0, 0, 0, 0, 0, 0, 0]"",""[0,0,0,1,0]"",""[0, 0, 0, 0, 0, 1, 0, 0, 0]"""
"[0, 0, 1, 0, 1, 0, 1, 0, 0],""[0, 0, 0, 0, 0, 0, 0, 0, 0, 0]"",""[0,0,0,1,0]"",""[0, 0, 0, 0, 0, 1, 0, 0, 0]"""
"[1, 0, 0, 0, 1, 0, 0, 0, 1],""[1, 0, 0, 0, 0, 0, 0, 0, 0, 0]"",""[0,0,0,1,0]"",""[0, 0, 0, 1, 0, 0, 0, 0, 0]"""
"[1, 0, 0, 0, 0, 1, 0, 1, 0],""[1, 0, 0, 0, 0, 0, 0, 0, 0, 0]"",""[0,0,0,1,0]"",""[0, 0, 0, 1, 0, 0, 0, 0, 0]"""
"[0, 1, 0, 1, 0, 0, 0, 0, 1],""[1, 0, 0, 0, 0, 0, 0, 0, 0, 0]"",""[0,0,0,1,0]"",""[0, 0, 0, 0, 1, 0, 0, 0, 0]"""
"[0, 1, 0, 0, 0, 1, 1, 0, 0],""[1, 0, 0, 0, 0, 0, 0, 0, 0, 0]"",""[0,0,0,1,0]"",""[0, 0, 0, 0, 1, 0, 0, 0, 0]"""
"[0, 0, 1, 1, 0, 0, 0, 1, 0],""[1, 0, 0, 0, 0, 0, 0, 0, 0, 0]"",""[0,0,0,1,0]"",""[0, 0, 0, 0, 0, 1, 0, 0, 0]"""
"[0, 0, 1, 0, 1, 0, 1, 0, 0],""[1, 0, 0, 0, 0, 0, 0, 0, 0, 0]"",""[0,0,0,1,0]"",""[0, 0, 0, 0, 0, 1, 0, 0, 0]"""
"[1, 0, 0, 0, 1, 0, 0, 0, 1],""[0, 1, 0, 0, 0, 0, 0, 0, 0, 0]"",""[0,0,0,1,0]"",""[0, 0, 0, 1, 0, 0, 0, 0, 0]"""
"[1, 0, 0, 0, 0, 1, 0, 1, 0],""[0, 1, 0, 0, 0, 0, 0, 0, 0, 0]"",""[0,0,0,1,0]"",""[0, 0, 0, 1, 0, 0, 0, 0, 0]"""
"[0, 1, 0, 1, 0, 0, 0, 0, 1],""[0, 1, 0, 0, 0, 0, 0, 0, 0, 0]"",""[0,0,0,1,0]"",""[0, 0, 0, 0, 1, 0, 0, 0, 0]"""
"[0, 1, 0, 0, 0, 1, 1, 0, 0],""[0, 1, 0, 0, 0, 0, 0, 0, 0, 0]"",""[0,0,0,1,0]"",""[0, 0, 0, 0, 1, 0, 0, 0, 0]"""
"[0, 0, 1, 1, 0, 0, 0, 1, 0],""[0, 1, 0, 0, 0, 0, 0, 0, 0, 0]"",""[0,0,0,1,0]"",""[0, 0, 0, 0, 0, 1, 0, 0, 0]"""
"[0, 0, 1, 0, 1, 0, 1, 0, 0],""[0, 1, 0, 0, 0, 0, 0, 0, 0, 0]"",""[0,0,0,1,0]"",""[0, 0, 0, 0, 0, 1, 0, 0, 0]"""
"[1, 0, 0, 0, 1, 0, 0, 0, 1],""[0, 0, 1, 0, 0, 0, 0, 0, 0, 0]"",""[0,0,0,1,0]"",""[0, 0, 0, 1, 0, 0, 0, 0, 0]"""
"[1, 0, 0, 0, 0, 1, 0, 1, 0],""[0, 0, 1, 0, 0, 0, 0, 0, 0, 0]"",""[0,0,0,1,0]"",""[0, 0, 0, 1, 0, 0, 0, 0, 0]"""
"[0, 1, 0, 1, 0, 0, 0, 0, 1],""[0, 0, 1, 0, 0, 0, 0, 0, 0, 0]"",""[0,0,0,1,0]"",""[0, 0, 0, 0, 1, 0, 0, 0, 0]"""
"[0, 1, 0, 0, 0, 1, 1, 0, 0],""[0, 0, 1, 0, 0, 0, 0, 0, 0, 0]"",""[0,0,0,1,0]"",""[0, 0, 0, 0, 1, 0, 0, 0, 0]"""
"[0, 0, 1, 1, 0, 0, 0, 1, 0],""[0, 0, 1, 0, 0, 0, 0, 0, 0, 0]"",""[0,0,0,1,0]"",""[0, 0, 0, 0, 0, 1, 0, 0, 0]"""
"[0, 0, 1, 0, 1, 0, 1, 0, 0],""[0, 0, 1, 0, 0, 0, 0, 0, 0, 0]"",""[0,0,0,1,0]"",""[0, 0, 0, 0, 0, 1, 0, 0, 0]"""
"[1, 0, 0, 0, 1, 0, 0, 0, 1],""[0, 0, 0, 1, 0, 0, 0, 0, 0, 0]"",""[0,0,0,1,0]"",""[0, 0, 0, 1, 0, 0, 0, 0, 0]"""
"[1, 0, 0, 0, 0, 1, 0, 1, 0],""[0, 0, 0, 1, 0, 0, 0, 0, 0, 0]"",""[0,0,0,1,0]"",""[0, 0, 0, 1, 0, 0, 0, 0, 0]"""
"[0, 1, 0, 1, 0, 0, 0, 0, 1],""[0, 0, 0, 1, 0, 0, 0, 0, 0, 0]"",""[0,0,0,1,0]"",""[0, 0, 0, 0, 1, 0, 0, 0, 0]"""
"[0, 1, 0, 0, 0, 1, 1, 0, 0],""[0, 0, 0, 1, 0, 0, 0, 0, 0, 0]"",""[0,0,0,1,0]"",""[0, 0, 0, 0, 1, 0, 0, 0, 0]"""
"[0, 0, 1, 1, 0, 0, 0, 1, 0],""[0, 0, 0, 1, 0, 0, 0, 0, 0, 0]"",""[0,0,0,1,0]"",""[0, 0, 0, 0, 0, 1, 0, 0, 0]"""
"[0, 0, 1, 0, 1, 0, 1, 0, 0],""[0, 0, 0, 1, 0, 0, 0, 0, 0, 0]"",""[0,0,0,1,0]"",""[0, 0, 0, 0, 0, 1, 0, 0, 0]"""
"[1, 0, 0, 0, 1, 0, 0, 0, 1],""[0, 0, 0, 0, 1, 0, 0, 0, 0, 0]"",""[0,0,0,1,0]"",""[0, 0, 0, 1, 0, 0, 0, 0, 0]"""
"[1, 0, 0, 0, 0, 1, 0, 1, 0],""[0, 0, 0, 0, 1, 0, 0, 0, 0, 0]"",""[0,0,0,1,0]"",""[0, 0, 0, 1, 0, 0, 0, 0, 0]"""
"[0, 1, 0, 1, 0, 0, 0, 0, 1],""[0, 0, 0, 0, 1, 0, 0, 0, 0, 0]"",""[0,0,0,1,0]"",""[0, 0, 0, 0, 1, 0, 0, 0, 0]"""
"[0, 1, 0, 0, 0, 1, 1, 0, 0],""[0, 0, 0, 0, 1, 0, 0, 0, 0, 0]"",""[0,0,0,1,0]"",""[0, 0, 0, 0, 1, 0, 0, 0, 0]"""
"[0, 0, 1, 1, 0, 0, 0, 1, 0],""[0, 0, 0, 0, 1, 0, 0, 0, 0, 0]"",""[0,0,0,1,0]"",""[0, 0, 0, 0, 0, 1, 0, 0, 0]"""
"[0, 0, 1, 0, 1, 0, 1, 0, 0],""[0, 0, 0, 0, 1, 0, 0, 0, 0, 0]"",""[0,0,0,1,0]"",""[0, 0, 0, 0, 0, 1, 0, 0, 0]"""
"[1, 0, 0, 0, 1, 0, 0, 0, 1],""[0, 0, 0, 0, 0, 1, 0, 0, 0, 0]"",""[0,0,0,1,0]"",""[0, 0, 0, 1, 0, 0, 0, 0, 0]"""
"[1, 0, 0, 0, 0, 1, 0, 1, 0],""[0, 0, 0, 0, 0, 1, 0, 0, 0, 0]"",""[0,0,0,1,0]"",""[0, 0, 0, 1, 0, 0, 0, 0, 0]"""
"[0, 1, 0, 1, 0, 0, 0, 0, 1],""[0, 0, 0, 0, 0, 1, 0, 0, 0, 0]"",""[0,0,0,1,0]"",""[0, 0, 0, 0, 1, 0, 0, 0, 0]"""
"[0, 1, 0, 0, 0, 1, 1, 0, 0],""[0, 0, 0, 0, 0, 1, 0, 0, 0, 0]"",""[0,0,0,1,0]"",""[0, 0, 0, 0, 1, 0, 0, 0, 0]"""
"[0, 0, 1, 1, 0, 0, 0, 1, 0],""[0, 0, 0, 0, 0, 1, 0, 0, 0, 0]"",""[0,0,0,1,0]"",""[0, 0, 0, 0, 0, 1, 0, 0, 0]"""
"[0, 0, 1, 0, 1, 0, 1, 0, 0],""[0, 0, 0, 0, 0, 1, 0, 0, 0, 0]"",""[0,0,0,1,0]"",""[0, 0, 0, 0, 0, 1, 0, 0, 0]"""
"[1, 0, 0, 0, 1, 0, 0, 0, 1],""[0, 0, 0, 0, 0, 0, 1, 0, 0, 0]"",""[0,0,0,1,0]"",""[0, 0, 0, 1, 0, 0, 0, 0, 0]"""
"[1, 0, 0, 0, 0, 1, 0, 1, 0],""[0, 0, 0, 0, 0, 0, 1, 0, 0, 0]"",""[0,0,0,1,0]"",""[0, 0, 0, 1, 0, 0, 0, 0, 0]"""
"[0, 1, 0, 1, 0, 0, 0, 0, 1],""[0, 0, 0, 0, 0, 0, 1, 0, 0, 0]"",""[0,0,0,1,0]"",""[0, 0, 0, 0, 1, 0, 0, 0, 0]"""
"[0, 1, 0, 0, 0, 1, 1, 0, 0],""[0, 0, 0, 0, 0, 0, 1, 0, 0, 0]"",""[0,0,0,1,0]"",""[0, 0, 0, 0, 1, 0, 0, 0, 0]"""
"[0, 0, 1, 1, 0, 0, 0, 1, 0],""[0, 0, 0, 0, 0, 0, 1, 0, 0, 0]"",""[0,0,0,1,0]"",""[0, 0, 0, 0, 0, 1, 0, 0, 0]"""
"[0, 0, 1, 0, 1, 0, 1, 0, 0],""[0, 0, 0, 0, 0, 0, 1, 0, 0, 0]"",""[0,0,0,1,0]"",""[0, 0, 0, 0, 0, 1, 0, 0, 0]"""
"[1, 0, 0, 0, 1, 0, 0, 0, 1],""[0, 0, 0, 0, 0, 0, 0, 1, 0, 0]"",""[0,0,0,1,0]"",""[0, 0, 0, 1, 0, 0, 0, 0, 0]"""
"[1, 0, 0, 0, 0, 1, 0, 1, 0],""[0, 0, 0, 0, 0, 0, 0, 1, 0, 0]"",""[0,0,0,1,0]"",""[0, 0, 0, 1, 0, 0, 0, 0, 0]"""
"[0, 1, 0, 1, 0, 0, 0, 0, 1],""[0, 0, 0, 0, 0, 0, 0, 1, 0, 0]"",""[0,0,0,1,0]"",""[0, 0, 0, 0, 1, 0, 0, 0, 0]"""
"[0, 1, 0, 0, 0, 1, 1, 0, 0],""[0, 0, 0, 0, 0, 0, 0, 1, 0, 0]"",""[0,0,0,1,0]"",""[0, 0, 0, 0, 1, 0, 0, 0, 0]"""
"[0, 0, 1, 1, 0, 0, 0, 1, 0],""[0, 0, 0, 0, 0, 0, 0, 1, 0, 0]"",""[0,0,0,1,0]"",""[0, 0, 0, 0, 0, 1, 0, 0, 0]"""
"[0, 0, 1, 0, 1, 0, 1, 0, 0],""[0, 0, 0, 0, 0, 0, 0, 1, 0, 0]"",""[0,0,0,1,0]"",""[0, 0, 0, 0, 0, 1, 0, 0, 0]"""
"[1, 0, 0, 0, 1, 0, 0, 0, 1],""[0, 0, 0, 0, 0, 0, 0, 0, 1, 0]"",""[0,0,0,1,0]"",""[0, 0, 0, 1, 0, 0, 0, 0, 0]"""
"[1, 0, 0, 0, 0, 1, 0, 1, 0],""[0, 0, 0, 0, 0, 0, 0, 0, 1, 0]"",""[0,0,0,1,0]"",""[0, 0, 0, 1, 0, 0, 0, 0, 0]"""
"[0, 1, 0, 1, 0, 0, 0, 0, 1],""[0, 0, 0, 0, 0, 0, 0, 0, 1, 0]"",""[0,0,0,1,0]"",""[0, 0, 0, 0, 1, 0, 0, 0, 0]"""
"[0, 1, 0, 0, 0, 1, 1, 0, 0],""[0, 0, 0, 0, 0, 0, 0, 0, 1, 0]"",""[0,0,0,1,0]"",""[0, 0, 0, 0, 1, 0, 0, 0, 0]"""
"[0, 0, 1, 1, 0, 0, 0, 1, 0],""[0, 0, 0, 0, 0, 0, 0, 0, 1, 0]"",""[0,0,0,1,0]"",""[0, 0, 0, 0, 0, 1, 0, 0, 0]"""
"[0, 0, 1, 0, 1, 0, 1, 0, 0],""[0, 0, 0, 0, 0, 0, 0, 0, 1, 0]"",""[0,0,0,1,0]"",""[0, 0, 0, 0, 0, 1, 0, 0, 0]"""
"[1, 0, 0, 0, 1, 0, 0, 0, 1],""[0, 0, 0, 0, 0, 0, 0, 0, 0, 1]"",""[0,0,0,1,0]"",""[0, 0, 0, 1, 0, 0, 0, 0, 0]"""
"[1, 0, 0, 0, 0, 1, 0, 1, 0],""[0, 0, 0, 0, 0, 0, 0, 0, 0, 1]"",""[0,0,0,1,0]"",""[0, 0, 0, 1, 0, 0, 0, 0, 0]"""
"[0, 1, 0, 1, 0, 0, 0, 0, 1],""[0, 0, 0, 0, 0, 0, 0, 0, 0, 1]"",""[0,0,0,1,0]"",""[0, 0, 0, 0, 1, 0, 0, 0, 0]"""
"[0, 1, 0, 0, 0, 1, 1, 0, 0],""[0, 0, 0, 0, 0, 0, 0, 0, 0, 1]"",""[0,0,0,1,0]"",""[0, 0, 0, 0, 1, 0, 0, 0, 0]"""
"[0, 0, 1, 1, 0, 0, 0, 1, 0],""[0, 0, 0, 0, 0, 0, 0, 0, 0, 1]"",""[0,0,0,1,0]"",""[0, 0, 0, 0, 0, 1, 0, 0, 0]"""
"[0, 0, 1, 0, 1, 0, 1, 0, 0],""[0, 0, 0, 0, 0, 0, 0, 0, 0, 1]"",""[0,0,0,1,0]"",""[0, 0, 0, 0, 0, 1, 0, 0, 0]"""
"[1, 0, 0, 0, 1, 0, 0, 0, 1],""[0, 0, 0, 0, 0, 0, 0, 0, 0, 0]"",""[0,0,0,0,1]"",""[0, 1, 0, 0, 0, 0, 0, 0, 0]"""
"[1, 0, 0, 0, 0, 1, 0, 1, 0],""[0, 0, 0, 0, 0, 0, 0, 0, 0, 0]"",""[0,0,0,0,1]"",""[0, 0, 1, 0, 0, 0, 0, 0, 0]"""
"[0, 1, 0, 1, 0, 0, 0, 0, 1],""[0, 0, 0, 0, 0, 0, 0, 0, 0, 0]"",""[0,0,0,0,1]"",""[1, 0, 0, 0, 0, 0, 0, 0, 0]"""
"[0, 1, 0, 0, 0, 1, 1, 0, 0],""[0, 0, 0, 0, 0, 0, 0, 0, 0, 0]"",""[0,0,0,0,1]"",""[0, 0, 1, 0, 0, 0, 0, 0, 0]"""
"[0, 0, 1, 1, 0, 0, 0, 1, 0],""[0, 0, 0, 0, 0, 0, 0, 0, 0, 0]"",""[0,0,0,0,1]"",""[1, 0, 0, 0, 0, 0, 0, 0, 0]"""
"[0, 0, 1, 0, 1, 0, 1, 0, 0],""[0, 0, 0, 0, 0, 0, 0, 0, 0, 0]"",""[0,0,0,0,1]"",""[0, 1, 0, 0, 0, 0, 0, 0, 0]"""
"[1, 0, 0, 0, 1, 0, 0, 0, 1],""[1, 0, 0, 0, 0, 0, 0, 0, 0, 0]"",""[0,0,0,0,1]"",""[0, 1, 0, 0, 0, 0, 0, 0, 0]"""
"[1, 0, 0, 0, 0, 1, 0, 1, 0],""[1, 0, 0, 0, 0, 0, 0, 0, 0, 0]"",""[0,0,0,0,1]"",""[0, 0, 1, 0, 0, 0, 0, 0, 0]"""
"[0, 1, 0, 1, 0, 0, 0, 0, 1],""[1, 0, 0, 0, 0, 0, 0, 0, 0, 0]"",""[0,0,0,0,1]"",""[1, 0, 0, 0, 0, 0, 0, 0, 0]"""
"[0, 1, 0, 0, 0, 1, 1, 0, 0],""[1, 0, 0, 0, 0, 0, 0, 0, 0, 0]"",""[0,0,0,0,1]"",""[0, 0, 1, 0, 0, 0, 0, 0, 0]"""
"[0, 0, 1, 1, 0, 0, 0, 1, 0],""[1, 0, 0, 0, 0, 0, 0, 0, 0, 0]"",""[0,0,0,0,1]"",""[1, 0, 0, 0, 0, 0, 0, 0, 0]"""
"[0, 0, 1, 0, 1, 0, 1, 0, 0],""[1, 0, 0, 0, 0, 0, 0, 0, 0, 0]"",""[0,0,0,0,1]"",""[0, 1, 0, 0, 0, 0, 0, 0, 0]"""
"[1, 0, 0, 0, 1, 0, 0, 0, 1],""[0, 1, 0, 0, 0, 0, 0, 0, 0, 0]"",""[0,0,0,0,1]"",""[0, 1, 0, 0, 0, 0, 0, 0, 0]"""
"[1, 0, 0, 0, 0, 1, 0, 1, 0],""[0, 1, 0, 0, 0, 0, 0, 0, 0, 0]"",""[0,0,0,0,1]"",""[0, 0, 1, 0, 0, 0, 0, 0, 0]"""
"[0, 1, 0, 1, 0, 0, 0, 0, 1],""[0, 1, 0, 0, 0, 0, 0, 0, 0, 0]"",""[0,0,0,0,1]"",""[1, 0, 0, 0, 0, 0, 0, 0, 0]"""
"[0, 1, 0, 0, 0, 1, 1, 0, 0],""[0, 1, 0, 0, 0, 0, 0, 0, 0, 0]"",""[0,0,0,0,1]"",""[0, 0, 1, 0, 0, 0, 0, 0, 0]"""
"[0, 0, 1, 1, 0, 0, 0, 1, 0],""[0, 1, 0, 0, 0, 0, 0, 0, 0, 0]"",""[0,0,0,0,1]"",""[1, 0, 0, 0, 0, 0, 0, 0, 0]"""
"[0, 0, 1, 0, 1, 0, 1, 0, 0],""[0, 1, 0, 0, 0, 0, 0, 0, 0, 0]"",""[0,0,0,0,1]"",""[0, 1, 0, 0, 0, 0, 0, 0, 0]"""
"[1, 0, 0, 0, 1, 0, 0, 0, 1],""[0, 0, 1, 0, 0, 0, 0, 0, 0, 0]"",""[0,0,0,0,1]"",""[0, 1, 0, 0, 0, 0, 0, 0, 0]"""
"[1, 0, 0, 0, 0, 1, 0, 1, 0],""[0, 0, 1, 0, 0, 0, 0, 0, 0, 0]"",""[0,0,0,0,1]"",""[0, 0, 1, 0, 0, 0, 0, 0, 0]"""
"[0, 1, 0, 1, 0, 0, 0, 0, 1],""[0, 0, 1, 0, 0, 0, 0, 0, 0, 0]"",""[0,0,0,0,1]"",""[1, 0, 0, 0, 0, 0, 0, 0, 0]"""
"[0, 1, 0, 0, 0, 1, 1, 0, 0],""[0, 0, 1, 0, 0, 0, 0, 0, 0, 0]"",""[0,0,0,0,1]"",""[0, 0, 1, 0, 0, 0, 0, 0, 0]"""
"[0, 0, 1, 1, 0, 0, 0, 1, 0],""[0, 0, 1, 0, 0, 0, 0, 0, 0, 0]"",""[0,0,0,0,1]"",""[1, 0, 0, 0, 0, 0, 0, 0, 0]"""
"[0, 0, 1, 0, 1, 0, 1, 0, 0],""[0, 0, 1, 0, 0, 0, 0, 0, 0, 0]"",""[0,0,0,0,1]"",""[0, 1, 0, 0, 0, 0, 0, 0, 0]"""
"[1, 0, 0, 0, 1, 0, 0, 0, 1],""[0, 0, 0, 1, 0, 0, 0, 0, 0, 0]"",""[0,0,0,0,1]"",""[0, 1, 0, 0, 0, 0, 0, 0, 0]"""
"[1, 0, 0, 0, 0, 1, 0, 1, 0],""[0, 0, 0, 1, 0, 0, 0, 0, 0, 0]"",""[0,0,0,0,1]"",""[0, 0, 1, 0, 0, 0, 0, 0, 0]"""
"[0, 1, 0, 1, 0, 0, 0, 0, 1],""[0, 0, 0, 1, 0, 0, 0, 0, 0, 0]"",""[0,0,0,0,1]"",""[1, 0, 0, 0, 0, 0, 0, 0, 0]"""
"[0, 1, 0, 0, 0, 1, 1, 0, 0],""[0, 0, 0, 1, 0, 0, 0, 0, 0, 0]"",""[0,0,0,0,1]"",""[0, 0, 1, 0, 0, 0, 0, 0, 0]"""
"[0, 0, 1, 1, 0, 0, 0, 1, 0],""[0, 0, 0, 1, 0, 0, 0, 0, 0, 0]"",""[0,0,0,0,1]"",""[1, 0, 0, 0, 0, 0, 0, 0, 0]"""
"[0, 0, 1, 0, 1, 0, 1, 0, 0],""[0, 0, 0, 1, 0, 0, 0, 0, 0, 0]"",""[0,0,0,0,1]"",""[0, 1, 0, 0, 0, 0, 0, 0, 0]"""
"[1, 0, 0, 0, 1, 0, 0, 0, 1],""[0, 0, 0, 0, 1, 0, 0, 0, 0, 0]"",""[0,0,0,0,1]"",""[0, 1, 0, 0, 0, 0, 0, 0, 0]"""
"[1, 0, 0, 0, 0, 1, 0, 1, 0],""[0, 0, 0, 0, 1, 0, 0, 0, 0, 0]"",""[0,0,0,0,1]"",""[0, 0, 1, 0, 0, 0, 0, 0, 0]"""
"[0, 1, 0, 1, 0, 0, 0, 0, 1],""[0, 0, 0, 0, 1, 0, 0, 0, 0, 0]"",""[0,0,0,0,1]"",""[1, 0, 0, 0, 0, 0, 0, 0, 0]"""
"[0, 1, 0, 0, 0, 1, 1, 0, 0],""[0, 0, 0, 0, 1, 0, 0, 0, 0, 0]"",""[0,0,0,0,1]"",""[0, 0, 1, 0, 0, 0, 0, 0, 0]"""
"[0, 0, 1, 1, 0, 0, 0, 1, 0],""[0, 0, 0, 0, 1, 0, 0, 0, 0, 0]"",""[0,0,0,0,1]"",""[1, 0, 0, 0, 0, 0, 0, 0, 0]"""
"[0, 0, 1, 0, 1, 0, 1, 0, 0],""[0, 0, 0, 0, 1, 0, 0, 0, 0, 0]"",""[0,0,0,0,1]"",""[0, 1, 0, 0, 0, 0, 0, 0, 0]"""
"[1, 0, 0, 0, 1, 0, 0, 0, 1],""[0, 0, 0, 0, 0, 1, 0, 0, 0, 0]"",""[0,0,0,0,1]"",""[0, 1, 0, 0, 0, 0, 0, 0, 0]"""
"[1, 0, 0, 0, 0, 1, 0, 1, 0],""[0, 0, 0, 0, 0, 1, 0, 0, 0, 0]"",""[0,0,0,0,1]"",""[0, 0, 1, 0, 0, 0, 0, 0, 0]"""
"[0, 1, 0, 1, 0, 0, 0, 0, 1],""[0, 0, 0, 0, 0, 1, 0, 0, 0, 0]"",""[0,0,0,0,1]"",""[1, 0, 0, 0, 0, 0, 0, 0, 0]"""
"[0, 1, 0, 0, 0, 1, 1, 0, 0],""[0, 0, 0, 0, 0, 1, 0, 0, 0, 0]"",""[0,0,0,0,1]"",""[0, 0, 1, 0, 0, 0, 0, 0, 0]"""
"[0, 0, 1, 1, 0, 0, 0, 1, 0],""[0, 0, 0, 0, 0, 1, 0, 0, 0, 0]"",""[0,0,0,0,1]"",""[1, 0, 0, 0, 0, 0, 0, 0, 0]"""
"[0, 0, 1, 0, 1, 0, 1, 0, 0],""[0, 0, 0, 0, 0, 1, 0, 0, 0, 0]"",""[0,0,0,0,1]"",""[0, 1, 0, 0, 0, 0, 0, 0, 0]"""
"[1, 0, 0, 0, 1, 0, 0, 0, 1],""[0, 0, 0, 0, 0, 0, 1, 0, 0, 0]"",""[0,0,0,0,1]"",""[0, 1, 0, 0, 0, 0, 0, 0, 0]"""
"[1, 0, 0, 0, 0, 1, 0, 1, 0],""[0, 0, 0, 0, 0, 0, 1, 0, 0, 0]"",""[0,0,0,0,1]"",""[0, 0, 1, 0, 0, 0, 0, 0, 0]"""
"[0, 1, 0, 1, 0, 0, 0, 0, 1],""[0, 0, 0, 0, 0, 0, 1, 0, 0, 0]"",""[0,0,0,0,1]"",""[1, 0, 0, 0, 0, 0, 0, 0, 0]"""
"[0, 1, 0, 0, 0, 1, 1, 0, 0],""[0, 0, 0, 0, 0, 0, 1, 0, 0, 0]"",""[0,0,0,0,1]"",""[0, 0, 1, 0, 0, 0, 0, 0, 0]"""
"[0, 0, 1, 1, 0, 0, 0, 1, 0],""[0, 0, 0, 0, 0, 0, 1, 0, 0, 0]"",""[0,0,0,0,1]"",""[1, 0, 0, 0, 0, 0, 0, 0, 0]"""
"[0, 0, 1, 0, 1, 0, 1, 0, 0],""[0, 0, 0, 0, 0, 0, 1, 0, 0, 0]"",""[0,0,0,0,1]"",""[0, 1, 0, 0, 0, 0, 0, 0, 0]"""
"[1, 0, 0, 0, 1, 0, 0, 0, 1],""[0, 0, 0, 0, 0, 0, 0, 1, 0, 0]"",""[0,0,0,0,1]"",""[0, 1, 0, 0, 0, 0, 0, 0, 0]"""
"[1, 0, 0, 0, 0, 1, 0, 1, 0],""[0, 0, 0, 0, 0, 0, 0, 1, 0, 0]"",""[0,0,0,0,1]"",""[0, 0, 1, 0, 0, 0, 0, 0, 0]"""
"[0, 1, 0, 1, 0, 0, 0, 0, 1],""[0, 0, 0, 0, 0, 0, 0, 1, 0, 0]"",""[0,0,0,0,1]"",""[1, 0, 0, 0, 0, 0, 0, 0, 0]"""
"[0, 1, 0, 0, 0, 1, 1, 0, 0],""[0, 0, 0, 0, 0, 0, 0, 1, 0, 0]"",""[0,0,0,0,1]"",""[0, 0, 1, 0, 0, 0, 0, 0, 0]"""
"[0, 0, 1, 1, 0, 0, 0, 1, 0],""[0, 0, 0, 0, 0, 0, 0, 1, 0, 0]"",""[0,0,0,0,1]"",""[1, 0, 0, 0, 0, 0, 0, 0, 0]"""
"[0, 0, 1, 0, 1, 0, 1, 0, 0],""[0, 0, 0, 0, 0, 0, 0, 1, 0, 0]"",""[0,0,0,0,1]"",""[0, 1, 0, 0, 0, 0, 0, 0, 0]"""
"[1, 0, 0, 0, 1, 0, 0, 0, 1],""[0, 0, 0, 0, 0, 0, 0, 0, 1, 0]"",""[0,0,0,0,1]"",""[0, 1, 0, 0, 0, 0, 0, 0, 0]"""
"[1, 0, 0, 0, 0, 1, 0, 1, 0],""[0, 0, 0, 0, 0, 0, 0, 0, 1, 0]"",""[0,0,0,0,1]"",""[0, 0, 1, 0, 0, 0, 0, 0, 0]"""
"[0, 1, 0, 1, 0, 0, 0, 0, 1],""[0, 0, 0, 0, 0, 0, 0, 0, 1, 0]"",""[0,0,0,0,1]"",""[1, 0, 0, 0, 0, 0, 0, 0, 0]"""
"[0, 1, 0, 0, 0, 1, 1, 0, 0],""[0, 0, 0, 0, 0, 0, 0, 0, 1, 0]"",""[0,0,0,0,1]"",""[0, 0, 1, 0, 0, 0, 0, 0, 0]"""
"[0, 0, 1, 1, 0, 0, 0, 1, 0],""[0, 0, 0, 0, 0, 0, 0, 0, 1, 0]"",""[0,0,0,0,1]"",""[1, 0, 0, 0, 0, 0, 0, 0, 0]"""
"[0, 0, 1, 0, 1, 0, 1, 0, 0],""[0, 0, 0, 0, 0, 0, 0, 0, 1, 0]"",""[0,0,0,0,1]"",""[0, 1, 0, 0, 0, 0, 0, 0, 0]"""
"[1, 0, 0, 0, 1, 0, 0, 0, 1],""[0, 0, 0, 0, 0, 0, 0, 0, 0, 1]"",""[0,0,0,0,1]"",""[0, 1, 0, 0, 0, 0, 0, 0, 0]"""
"[1, 0, 0, 0, 0, 1, 0, 1, 0],""[0, 0, 0, 0, 0, 0, 0, 0, 0, 1]"",""[0,0,0,0,1]"",""[0, 0, 1, 0, 0, 0, 0, 0, 0]"""
"[0, 1, 0, 1, 0, 0, 0, 0, 1],""[0, 0, 0, 0, 0, 0, 0, 0, 0, 1]"",""[0,0,0,0,1]"",""[1, 0, 0, 0, 0, 0, 0, 0, 0]"""
"[0, 1, 0, 0, 0, 1, 1, 0, 0],""[0, 0, 0, 0, 0, 0, 0, 0, 0, 1]"",""[0,0,0,0,1]"",""[0, 0, 1, 0, 0, 0, 0, 0, 0]"""
"[0, 0, 1, 1, 0, 0, 0, 1, 0],""[0, 0, 0, 0, 0, 0, 0, 0, 0, 1]"",""[0,0,0,0,1]"",""[1, 0, 0, 0, 0, 0, 0, 0, 0]"""
"[0, 0, 1, 0, 1, 0, 1, 0, 0],""[0, 0, 0, 0, 0, 0, 0, 0, 0, 1]"",""[0,0,0,0,1]"",""[0, 1, 0, 0, 0, 0, 0, 0, 0]"""
